esquema,pliegue,modelo,semilla,semilla_efectiva,n_train,n_eval,segundos,rapido,moran_I,moran_p,MAE,RMSE,MAPE,R2,R2_log,smearing_factor
BloquesEspaciales,0,SANNWR-adaptado,2011,3011,3444,596,202.7,False,0.344665,0.001,29.2836,41.8517,26.6714,0.4877,0.5159,1.011842
BloquesEspaciales,0,SANNWR-adaptado,2026,3026,3444,596,185.5,False,0.379238,0.001,30.365,43.0001,28.2276,0.4592,0.4755,1.018079
BloquesEspaciales,0,SANNWR-adaptado,42,1042,3444,596,316.3,False,0.376936,0.001,32.1752,44.6577,30.5899,0.4167,0.4117,0.995848
BloquesEspaciales,0,SANNWR-adaptado,456,1456,3444,596,264.3,False,0.413469,0.001,30.3539,42.6835,28.3709,0.4671,0.471,1.016002
BloquesEspaciales,0,SANNWR-adaptado,777,1777,3444,596,326.5,False,0.378872,0.001,30.0186,43.3167,28.1701,0.4512,0.4326,0.991299
BloquesEspaciales,0,SANNWR-original,2011,3011,3444,596,141.1,False,0.371438,0.001,33.277,47.3743,29.0392,0.3436,0.4367,1.015854
BloquesEspaciales,0,SANNWR-original,2026,3026,3444,596,164.7,False,0.425766,0.001,32.5953,46.2544,29.7114,0.3743,0.349,0.996058
BloquesEspaciales,0,SANNWR-original,42,1042,3444,596,224.9,False,0.413694,0.001,34.5396,48.5307,31.7138,0.3111,0.2986,0.983629
BloquesEspaciales,0,SANNWR-original,456,1456,3444,596,189.8,False,0.31644,0.001,31.593,45.92,27.9373,0.3833,0.4544,1.01069
BloquesEspaciales,0,SANNWR-original,777,1777,3444,596,345.4,False,0.400328,0.001,32.0745,45.3816,31.2348,0.3976,0.4066,1.013014
BloquesEspaciales,1,SANNWR-adaptado,2011,3012,3278,762,171.3,False,0.449612,0.001,72.6263,124.8895,28.6599,0.8248,0.8474,1.00015
BloquesEspaciales,1,SANNWR-adaptado,2026,3027,3278,762,186.9,False,0.43015,0.001,74.8507,126.7716,28.7919,0.8195,0.8581,1.007525
BloquesEspaciales,1,SANNWR-adaptado,42,1043,3278,762,194.2,False,0.439516,0.001,78.6727,131.4162,30.7937,0.806,0.8395,0.997042
BloquesEspaciales,1,SANNWR-adaptado,456,1457,3278,762,173.8,False,0.530886,0.001,73.1456,126.15,29.5709,0.8213,0.8162,1.025942
BloquesEspaciales,1,SANNWR-adaptado,777,1778,3278,762,168.4,False,0.513855,0.001,74.7485,128.4593,29.9586,0.8147,0.8197,1.002098
BloquesEspaciales,1,SANNWR-original,2011,3012,3278,762,157.9,False,0.491821,0.001,88.7533,161.8403,32.3588,0.7058,0.7735,1.002763
BloquesEspaciales,1,SANNWR-original,2026,3027,3278,762,374.1,False,0.475543,0.001,90.2344,151.6623,35.0589,0.7417,0.7674,1.023732
BloquesEspaciales,1,SANNWR-original,42,1043,3278,762,209.8,False,0.508406,0.001,77.6782,127.7795,32.3597,0.8166,0.8095,1.002361
BloquesEspaciales,1,SANNWR-original,456,1457,3278,762,274.2,False,0.574805,0.001,91.6999,153.8066,34.4018,0.7343,0.7241,1.014527
BloquesEspaciales,1,SANNWR-original,777,1778,3278,762,167.0,False,0.583699,0.001,94.5258,174.413,34.0107,0.6583,0.7525,1.017869
BloquesEspaciales,2,SANNWR-adaptado,2011,3013,3348,692,194.3,False,0.438107,0.001,97.2565,145.1009,56.2139,0.7441,0.6026,0.999102
BloquesEspaciales,2,SANNWR-adaptado,2026,3028,3348,692,170.0,False,0.464696,0.001,100.9937,152.348,59.0598,0.7179,0.6182,1.025264
BloquesEspaciales,2,SANNWR-adaptado,42,1044,3348,692,206.2,False,0.411635,0.001,98.3528,150.6307,56.8346,0.7242,0.6062,1.010333
BloquesEspaciales,2,SANNWR-adaptado,456,1458,3348,692,194.5,False,0.383777,0.001,92.1906,143.6437,52.9794,0.7492,0.643,1.007548
BloquesEspaciales,2,SANNWR-adaptado,777,1779,3348,692,190.5,False,0.431967,0.001,95.9769,150.1272,58.6022,0.7261,0.6069,0.994026
BloquesEspaciales,2,SANNWR-original,2011,3013,3348,692,203.1,False,0.447125,0.001,103.7901,162.7475,56.6592,0.6781,0.5948,1.012684
BloquesEspaciales,2,SANNWR-original,2026,3028,3348,692,150.5,False,0.44962,0.001,100.5313,166.3764,53.8877,0.6636,0.6554,1.048295
BloquesEspaciales,2,SANNWR-original,42,1044,3348,692,143.4,False,0.460832,0.001,106.659,168.0503,57.1907,0.6568,0.6091,0.990305
BloquesEspaciales,2,SANNWR-original,456,1458,3348,692,220.6,False,0.388909,0.001,90.6544,140.5181,52.4237,0.76,0.6592,1.013486
BloquesEspaciales,2,SANNWR-original,777,1779,3348,692,239.5,False,0.429562,0.001,96.0044,160.5368,56.9032,0.6868,0.6229,1.010067
BloquesEspaciales,3,SANNWR-adaptado,2011,3014,2802,1238,261.8,False,0.532612,0.001,69.9736,121.87,39.1996,0.6483,-0.222,1.019871
BloquesEspaciales,3,SANNWR-adaptado,2026,3029,2802,1238,153.3,False,0.471714,0.001,72.3847,127.4756,37.9092,0.6152,0.2796,1.017717
BloquesEspaciales,3,SANNWR-adaptado,42,1045,2802,1238,143.6,False,0.514974,0.001,70.3332,124.1773,34.8104,0.6348,0.2496,1.026767
BloquesEspaciales,3,SANNWR-adaptado,456,1459,2802,1238,162.9,False,0.411221,0.001,67.0642,120.5285,35.8823,0.656,0.4696,1.007766
BloquesEspaciales,3,SANNWR-adaptado,777,1780,2802,1238,194.0,False,0.477468,0.001,69.7115,123.0328,34.4939,0.6415,0.192,1.069407
BloquesEspaciales,3,SANNWR-original,2011,3014,2802,1238,156.4,False,0.458331,0.001,63.5212,114.2137,37.6656,0.6911,0.3671,1.023493
BloquesEspaciales,3,SANNWR-original,2026,3029,2802,1238,169.3,False,0.36555,0.001,66.2453,119.8254,35.8549,0.66,0.4449,1.021576
BloquesEspaciales,3,SANNWR-original,42,1045,2802,1238,216.4,False,0.346523,0.001,62.4246,114.9869,33.3933,0.6869,0.5263,1.0038
BloquesEspaciales,3,SANNWR-original,456,1459,2802,1238,213.4,False,0.35623,0.001,68.3933,123.3485,36.845,0.6397,0.4549,1.0136
BloquesEspaciales,3,SANNWR-original,777,1780,2802,1238,117.5,False,0.455998,0.001,68.3456,123.1017,38.4189,0.6411,0.3846,1.016297
BloquesEspaciales,4,SANNWR-adaptado,2011,3015,3288,752,200.6,False,0.423938,0.001,33.3414,48.0099,28.3542,0.3445,0.4475,1.060118
BloquesEspaciales,4,SANNWR-adaptado,2026,3030,3288,752,191.2,False,0.397851,0.001,32.9699,47.0004,27.1114,0.3718,0.4543,1.007768
BloquesEspaciales,4,SANNWR-adaptado,42,1046,3288,752,190.5,False,0.402302,0.001,31.8845,44.9514,26.8277,0.4254,0.4773,1.011557
BloquesEspaciales,4,SANNWR-adaptado,456,1460,3288,752,169.9,False,0.361593,0.001,30.252,43.9378,24.9515,0.451,0.511,1.00632
BloquesEspaciales,4,SANNWR-adaptado,777,1781,3288,752,160.7,False,0.404028,0.001,33.021,47.9166,27.6438,0.347,0.4266,1.011691
BloquesEspaciales,4,SANNWR-original,2011,3015,3288,752,141.7,False,0.355279,0.001,36.9736,49.2994,31.4092,0.3088,0.464,1.057556
BloquesEspaciales,4,SANNWR-original,2026,3030,3288,752,170.1,False,0.403667,0.001,33.5275,44.7799,28.5561,0.4297,0.4651,1.014315
BloquesEspaciales,4,SANNWR-original,42,1046,3288,752,150.2,False,0.324448,0.001,35.3904,48.3573,29.4241,0.335,0.4323,1.043688
BloquesEspaciales,4,SANNWR-original,456,1460,3288,752,164.4,False,0.439857,0.001,36.8631,50.8817,32.0441,0.2637,0.3984,1.035821
BloquesEspaciales,4,SANNWR-original,777,1781,3288,752,186.8,False,0.357441,0.001,37.0852,53.0897,30.7347,0.1984,0.3898,1.006325
ConjuntoDePrueba20,0,SANNWR-adaptado,1234,4234,4040,1011,235.3,False,0.057475,0.004,47.124,98.2718,31.6349,0.806,0.7971,1.017964
ConjuntoDePrueba20,0,SANNWR-adaptado,2011,5011,4040,1011,243.2,False,0.047008,0.005,44.5998,91.1285,30.1917,0.8332,0.8067,1.006045
ConjuntoDePrueba20,0,SANNWR-adaptado,2026,5026,4040,1011,229.7,False,0.061187,0.001,44.4922,91.6707,30.357,0.8312,0.806,1.004515
ConjuntoDePrueba20,0,SANNWR-adaptado,314,3314,4040,1011,146.4,False,0.154818,0.001,52.6114,106.872,33.2403,0.7705,0.7776,1.04731
ConjuntoDePrueba20,0,SANNWR-adaptado,42,3042,4040,1011,215.6,False,0.026697,0.03,45.2263,91.3871,30.341,0.8322,0.7974,1.018223
ConjuntoDePrueba20,0,SANNWR-adaptado,456,3456,4040,1011,258.3,False,0.068634,0.001,44.505,90.117,30.1922,0.8368,0.8144,1.007583
ConjuntoDePrueba20,0,SANNWR-adaptado,7,3007,4040,1011,256.8,False,0.087552,0.001,43.9659,90.9017,30.6954,0.834,0.8147,0.999796
ConjuntoDePrueba20,0,SANNWR-adaptado,777,3777,4040,1011,200.3,False,0.154886,0.001,47.134,98.6174,33.102,0.8046,0.7929,1.021683
ConjuntoDePrueba20,0,SANNWR-adaptado,888,3888,4040,1011,262.4,False,0.125396,0.001,50.0455,100.5368,31.1335,0.7969,0.791,1.061626
ConjuntoDePrueba20,0,SANNWR-adaptado,99,3099,4040,1011,238.9,False,0.081481,0.001,45.182,93.2912,31.3686,0.8251,0.8026,0.997727
ConjuntoDePrueba20,0,SANNWR-original,1234,4234,4040,1011,184.0,False,0.102528,0.001,47.8369,98.051,32.7259,0.8069,0.7688,1.005099
ConjuntoDePrueba20,0,SANNWR-original,2011,5011,4040,1011,164.5,False,0.166332,0.001,48.7622,97.1915,34.1759,0.8102,0.7669,1.017461
ConjuntoDePrueba20,0,SANNWR-original,2026,5026,4040,1011,194.3,False,0.10903,0.001,47.2752,102.0109,29.9546,0.7909,0.8021,1.012406
ConjuntoDePrueba20,0,SANNWR-original,314,3314,4040,1011,146.9,False,0.165261,0.001,48.057,97.0374,31.2743,0.8108,0.7898,1.021888
ConjuntoDePrueba20,0,SANNWR-original,42,3042,4040,1011,299.5,False,0.115266,0.001,46.0404,90.1218,34.8686,0.8368,0.7596,0.995345
ConjuntoDePrueba20,0,SANNWR-original,456,3456,4040,1011,264.2,False,0.039427,0.003,43.8989,91.3644,30.1728,0.8323,0.7824,1.005439
ConjuntoDePrueba20,0,SANNWR-original,7,3007,4040,1011,268.9,False,0.118116,0.001,44.3022,92.1469,31.6266,0.8294,0.8048,1.006033
ConjuntoDePrueba20,0,SANNWR-original,777,3777,4040,1011,191.5,False,0.127864,0.001,48.0839,98.1382,33.9084,0.8065,0.7838,1.01101
ConjuntoDePrueba20,0,SANNWR-original,888,3888,4040,1011,211.5,False,0.154082,0.001,49.8009,102.2803,34.4851,0.7898,0.7638,0.980006
ConjuntoDePrueba20,0,SANNWR-original,99,3099,4040,1011,255.5,False,0.146933,0.001,44.688,91.2867,32.2841,0.8326,0.8042,1.016273
